id,first_name,last_name,email,gender,ip_address
1,Aldin,Trimble,atrimble0@prweb.com,Male,28.157.28.96
2,Pat,Stegell,pstegell1@businessinsider.com,Male,197.197.5.221
3,Emlen,Drohan,edrohan2@wikipedia.org,Genderfluid,195.42.148.234
4,Priscilla,Fuller,pfuller3@amazon.com,Female,163.201.175.149
5,Farr,Fenney,ffenney4@bbb.org,Male,129.245.184.59
6,Ethe,Snowling,esnowling5@reverbnation.com,Male,3.116.197.148
7,Jourdain,Acutt,jacutt6@upenn.edu,Male,201.105.81.34
8,Nicoli,Deek,ndeek7@constantcontact.com,Female,194.187.148.80
9,Georgy,Sherrott,gsherrott8@salon.com,Male,23.73.89.72
10,Cornie,Hemshall,chemshall9@hubpages.com,Female,202.119.135.0
11,Cyndy,Lenham,clenhama@1688.com,Female,125.47.35.247
12,Bunni,Proschke,bproschkeb@patch.com,Female,213.59.243.180
13,Waldo,Kunert,wkunertc@sakura.ne.jp,Male,62.94.212.227
14,Katusha,Mordy,kmordyd@blogspot.com,Female,137.252.136.16
15,Jobey,Boyack,jboyacke@flickr.com,Female,167.207.173.149
16,Wolfy,Burnhill,wburnhillf@yelp.com,Male,205.159.193.143
17,Ilsa,Mioni,imionig@senate.gov,Female,98.45.97.91
18,Martguerita,Edden,meddenh@yandex.ru,Female,65.116.142.79
19,Tallulah,Treat,ttreati@google.de,Female,52.159.158.107
20,Lisette,Helleckas,lhelleckasj@domainmarket.com,Non-binary,230.127.114.138
21,Gregg,Catonne,gcatonnek@wiley.com,Male,92.213.81.12
22,Horatia,Leeke,hleekel@privacy.gov.au,Female,142.53.126.214
23,Calley,Tyler,ctylerm@discuz.net,Female,89.47.207.180
24,Josefa,Pottle,jpottlen@geocities.jp,Female,11.12.26.235
25,Ashla,Poller,apollero@mapy.cz,Female,37.185.130.1
26,Goddart,Haime,ghaimep@sciencedaily.com,Male,213.93.150.199
27,Ashly,Giacovazzo,agiacovazzoq@reference.com,Female,228.165.63.29
28,Paddie,Goldfinch,pgoldfinchr@redcross.org,Male,168.123.119.185
29,Calv,Thaxter,cthaxters@wufoo.com,Male,7.229.220.243
30,Harcourt,McGarvey,hmcgarveyt@businessinsider.com,Male,106.57.49.124
31,Ree,Atger,ratgeru@miitbeian.gov.cn,Female,156.66.38.75
32,Rozanna,Dulany,rdulanyv@deviantart.com,Female,158.31.212.246
33,Beverley,Shillaker,bshillakerw@reverbnation.com,Female,41.235.165.91
34,Olenka,Formie,oformiex@wp.com,Female,50.77.113.104
35,Meir,Bygate,mbygatey@google.ru,Male,136.207.31.240
36,Smith,Buckleigh,sbuckleighz@spiegel.de,Male,0.52.154.124
37,Braden,Plum,bplum10@reddit.com,Polygender,84.241.28.144
38,Dalli,Gregs,dgregs11@acquirethisname.com,Male,104.44.26.244
39,Stanislas,Banks,sbanks12@paginegialle.it,Male,92.32.146.190
40,Aksel,Dargavel,adargavel13@cmu.edu,Male,207.14.62.29
41,Isak,Karsh,ikarsh14@discovery.com,Male,42.121.117.196
42,Chip,Piddick,cpiddick15@myspace.com,Male,165.208.104.50
43,Krisha,Hofner,khofner16@msu.edu,Male,228.79.254.98
44,Case,Pescott,cpescott17@loc.gov,Male,4.225.131.67
45,Gay,Manus,gmanus18@youku.com,Female,218.235.246.0
46,Ingaberg,Lockless,ilockless19@wufoo.com,Female,126.52.193.249
47,Puff,Cleyne,pcleyne1a@rakuten.co.jp,Male,78.130.197.61
48,Madlin,Headland,mheadland1b@imgur.com,Female,187.142.20.151
49,Mellicent,Vaggs,mvaggs1c@pcworld.com,Female,107.156.173.39
50,Dolley,Aingell,daingell1d@usa.gov,Female,147.72.254.174
51,Elle,Keniwell,ekeniwell1e@unblog.fr,Female,40.9.143.192
52,Reeva,Burrass,rburrass1f@icq.com,Female,230.194.54.40
53,Frederik,Prew,fprew1g@xinhuanet.com,Male,243.183.31.22
54,Andromache,Kid,akid1h@weather.com,Genderfluid,83.1.72.254
55,Druci,Mudd,dmudd1i@drupal.org,Female,129.207.250.124
56,Abelard,Flawith,aflawith1j@timesonline.co.uk,Male,29.86.215.158
57,Kaspar,Dur,kdur1k@smugmug.com,Male,205.212.196.8
58,Mohandis,Bramstom,mbramstom1l@tinypic.com,Male,51.191.13.19
59,Ileane,Crownshaw,icrownshaw1m@reddit.com,Female,154.102.42.237
60,Maribel,Tate,mtate1n@nytimes.com,Female,3.157.34.92
61,Godfree,Wardhaw,gwardhaw1o@whitehouse.gov,Male,24.160.182.237
62,Hort,Pedroli,hpedroli1p@hud.gov,Bigender,41.15.145.57
63,Clyve,Paule,cpaule1q@themeforest.net,Male,217.147.200.233
64,Burk,Toleman,btoleman1r@moonfruit.com,Male,44.200.87.129
65,Towny,Corday,tcorday1s@ow.ly,Male,101.178.147.252
66,Wyatt,Cherrett,wcherrett1t@bing.com,Male,130.68.210.141
67,Trix,Di Lucia,tdilucia1u@hhs.gov,Female,115.253.137.60
68,Patric,Bouchard,pbouchard1v@ft.com,Male,237.44.16.159
69,Kore,Van der Mark,kvandermark1w@wikispaces.com,Female,21.24.82.79
70,Sile,Lilleycrop,slilleycrop1x@chicagotribune.com,Female,228.206.177.1
71,Orrin,Pladen,opladen1y@slashdot.org,Male,34.160.128.234
72,Karim,Othick,kothick1z@ameblo.jp,Male,199.187.66.254
73,Brynna,Damp,bdamp20@prnewswire.com,Female,242.162.81.151
74,Doralyn,Ruger,druger21@wufoo.com,Female,196.70.199.250
75,Gipsy,Digman,gdigman22@clickbank.net,Female,186.99.53.102
76,Stormy,Olivazzi,solivazzi23@bigcartel.com,Female,153.10.208.243
77,Lenci,Lyes,llyes24@histats.com,Male,3.238.114.224
78,Vida,Attow,vattow25@usatoday.com,Female,167.86.5.247
79,Ulrikaumeko,Laydel,ulaydel26@goodreads.com,Female,203.189.234.0
80,Mose,Tosdevin,mtosdevin27@marriott.com,Male,217.229.137.144
81,Idell,Bernardt,ibernardt28@wsj.com,Female,117.167.209.16
82,Dyna,Trumble,dtrumble29@weibo.com,Female,24.116.106.156
83,Waylan,Trinke,wtrinke2a@wix.com,Male,72.60.37.23
84,Blinnie,Hassen,bhassen2b@sitemeter.com,Female,124.78.163.80
85,Hedy,Bryceson,hbryceson2c@github.com,Genderqueer,102.214.128.154
86,Colene,Naisbit,cnaisbit2d@webmd.com,Female,122.108.60.212
87,Hyacinth,Lello,hlello2e@dailymotion.com,Female,7.62.18.51
88,Maryjane,MacPhaden,mmacphaden2f@cocolog-nifty.com,Female,32.117.113.12
89,Stacey,Byrnes,sbyrnes2g@goo.ne.jp,Female,20.167.178.177
90,Pauly,Gladwell,pgladwell2h@patch.com,Female,120.177.76.248
91,Meta,Imesson,mimesson2i@simplemachines.org,Bigender,49.153.255.192
92,Mark,Gaiter,mgaiter2j@canalblog.com,Male,133.96.9.188
93,Yard,Hengoed,yhengoed2k@comsenz.com,Bigender,21.22.24.193
94,Thaddeus,Casemore,tcasemore2l@indiegogo.com,Male,177.238.127.149
95,Albertine,Milward,amilward2m@about.me,Genderqueer,237.133.204.105
96,Corina,Malec,cmalec2n@indiegogo.com,Female,106.129.17.206
97,Eleonora,Stuchbery,estuchbery2o@amazon.co.jp,Female,200.236.110.124
98,Merle,Hendron,mhendron2p@de.vu,Female,35.12.233.114
99,Ogdon,Foulstone,ofoulstone2q@photobucket.com,Male,225.239.25.136
100,Nadia,Michal,nmichal2r@bigcartel.com,Female,32.193.150.194
101,Bryn,Burder,bburder2s@com.com,Genderqueer,244.227.63.184
102,Cordell,Mugg,cmugg2t@wisc.edu,Male,13.56.105.58
103,Felicdad,Kulvear,fkulvear2u@behance.net,Female,73.73.86.64
104,Griffin,Fitzpayn,gfitzpayn2v@uol.com.br,Male,81.235.137.158
105,Saundra,Aberkirdo,saberkirdo2w@amazonaws.com,Male,73.238.62.154
106,Colleen,Rosell,crosell2x@deviantart.com,Female,8.167.145.36
107,Tonia,Groucutt,tgroucutt2y@blogspot.com,Female,147.242.152.73
108,Nelia,Drewitt,ndrewitt2z@miitbeian.gov.cn,Female,36.48.213.247
109,Korella,Neising,kneising30@zdnet.com,Female,71.220.53.153
110,Kalle,Rizzillo,krizzillo31@ebay.co.uk,Male,199.0.248.72
111,Trevar,Cammock,tcammock32@jiathis.com,Male,1.161.26.135
112,Brent,Renfield,brenfield33@webnode.com,Male,110.63.112.19
113,Dani,Morican,dmorican34@ovh.net,Male,53.216.87.220
114,Delano,Billo,dbillo35@usgs.gov,Male,173.45.151.2
115,Carline,Ingman,cingman36@tripadvisor.com,Female,219.8.145.55
116,Eldin,Balogh,ebalogh37@ustream.tv,Male,37.195.113.34
117,Mavra,Courtliff,mcourtliff38@i2i.jp,Non-binary,205.239.162.26
118,Maryl,Herculson,mherculson39@ftc.gov,Female,156.184.3.40
119,Amberly,Casado,acasado3a@w3.org,Female,93.30.23.240
120,Bekki,Sedcole,bsedcole3b@jugem.jp,Agender,164.251.127.181
121,Shea,Buckthorp,sbuckthorp3c@cisco.com,Male,100.15.246.134
122,Cassey,Caddens,ccaddens3d@nasa.gov,Female,111.176.230.10
123,Hasty,Featherstonhaugh,hfeatherstonhaugh3e@plala.or.jp,Male,3.177.42.105
124,Crosby,Sandom,csandom3f@github.com,Male,70.160.152.94
125,Craggy,Fletcher,cfletcher3g@youtu.be,Male,179.206.178.139
126,Dill,Byfford,dbyfford3h@technorati.com,Male,203.45.99.90
127,Towny,Sparwell,tsparwell3i@booking.com,Male,100.245.58.193
128,Allsun,Balf,abalf3j@un.org,Female,41.255.65.133
129,Mandie,Willgoose,mwillgoose3k@cornell.edu,Female,131.224.218.243
130,Norrie,Sterry,nsterry3l@ocn.ne.jp,Male,230.246.240.229
131,Jilli,Godbolt,jgodbolt3m@umich.edu,Female,86.72.69.45
132,Rutherford,Arnaud,rarnaud3n@ustream.tv,Male,94.58.115.100
133,Nadeen,Tinniswood,ntinniswood3o@usgs.gov,Non-binary,56.241.169.145
134,Kaine,Terbrug,kterbrug3p@yale.edu,Male,212.83.176.102
135,Hubert,Steiner,hsteiner3q@1688.com,Male,98.161.232.200
136,Sharyl,Giscken,sgiscken3r@businessweek.com,Female,48.151.122.246
137,Dulci,Howison,dhowison3s@cdbaby.com,Female,184.8.132.227
138,Crissy,Bompass,cbompass3t@hao123.com,Female,245.55.113.198
139,Charlean,Petrushka,cpetrushka3u@phoca.cz,Female,189.202.240.33
140,Nikkie,Arens,narens3v@i2i.jp,Female,24.229.64.38
141,Odelle,Dashwood,odashwood3w@unc.edu,Female,38.236.216.27
142,Lorine,Matisse,lmatisse3x@jalbum.net,Female,205.3.151.0
143,Ernie,Matheson,ematheson3y@aboutads.info,Male,112.87.214.244
144,Issi,Etherton,ietherton3z@wiley.com,Bigender,53.225.255.149
145,Hailey,Lovering,hlovering40@usda.gov,Male,205.195.198.46
146,Deena,Tipling,dtipling41@java.com,Female,153.123.49.196
147,Louisa,Rouzet,lrouzet42@qq.com,Genderfluid,96.140.197.232
148,Grissel,Zellner,gzellner43@columbia.edu,Female,72.205.136.32
149,Jaine,Mish,jmish44@utexas.edu,Female,127.92.43.121
150,Hugues,Axelbee,haxelbee45@elpais.com,Male,241.39.144.248
151,Emiline,Bernaert,ebernaert46@independent.co.uk,Female,30.149.150.37
152,Whitaker,Syers,wsyers47@hud.gov,Male,58.177.48.174
153,Elene,Beeby,ebeeby48@nature.com,Polygender,177.186.70.161
154,Cortie,Wilkins,cwilkins49@engadget.com,Male,172.173.61.228
155,Shena,Chellenham,schellenham4a@prweb.com,Female,186.1.138.146
156,Germain,Verna,gverna4b@soup.io,Bigender,33.86.151.190
157,Lexie,Sudron,lsudron4c@theatlantic.com,Female,230.131.66.146
158,Dal,Humphris,dhumphris4d@paypal.com,Male,156.248.52.211
159,Trev,Gorusso,tgorusso4e@aboutads.info,Male,37.199.25.27
160,Nalani,Colecrough,ncolecrough4f@ovh.net,Bigender,43.76.49.193
161,Ludvig,Hasselby,lhasselby4g@addthis.com,Male,7.173.116.129
162,Marlo,Sisley,msisley4h@youtube.com,Male,208.225.3.225
163,Nollie,Smalecombe,nsmalecombe4i@addtoany.com,Male,20.204.187.201
164,Napoleon,McElvine,nmcelvine4j@sakura.ne.jp,Male,110.13.59.156
165,Wendall,Boggs,wboggs4k@who.int,Male,56.213.195.161
166,Pacorro,Gosswell,pgosswell4l@cbslocal.com,Male,234.171.39.203
167,Flo,Robardey,frobardey4m@nps.gov,Female,212.0.231.6
168,Kala,Perrett,kperrett4n@qq.com,Female,111.12.180.138
169,Freddi,Clayill,fclayill4o@blogtalkradio.com,Female,252.189.89.48
170,Beitris,Edelmann,bedelmann4p@whitehouse.gov,Female,10.27.88.145
171,Osbourn,Doward,odoward4q@google.com.br,Male,171.51.241.177
172,Linoel,Crumley,lcrumley4r@auda.org.au,Male,75.126.17.76
173,Gerek,Cotgrove,gcotgrove4s@unc.edu,Male,49.33.0.248
174,Kerby,Hendron,khendron4t@parallels.com,Male,127.11.164.12
175,Gothart,Boundey,gboundey4u@instagram.com,Male,121.118.246.187
176,Prudi,Janowicz,pjanowicz4v@umn.edu,Female,206.11.124.224
177,Ximenes,Revan,xrevan4w@globo.com,Male,101.115.51.89
178,Lucky,Aliman,laliman4x@fda.gov,Genderfluid,71.253.54.202
179,Eadie,Surmeyers,esurmeyers4y@studiopress.com,Female,159.41.160.101
180,Sheena,Peachment,speachment4z@blogtalkradio.com,Female,24.245.253.230
181,Kaylil,Ramel,kramel50@nbcnews.com,Bigender,240.201.78.18
182,Frannie,Dudleston,fdudleston51@psu.edu,Female,78.79.113.71
183,Nicol,Rodolphe,nrodolphe52@nsw.gov.au,Female,76.255.29.123
184,Frankie,Hawney,fhawney53@techcrunch.com,Male,138.61.38.140
185,Ardis,Cryer,acryer54@dropbox.com,Female,207.64.212.186
186,Korney,Marginson,kmarginson55@miitbeian.gov.cn,Female,162.237.247.254
187,Isadora,Daniells,idaniells56@telegraph.co.uk,Female,247.27.149.153
188,Ruthi,Scurrell,rscurrell57@amazon.co.jp,Genderqueer,142.34.196.114
189,Rhonda,Ratnage,rratnage58@reference.com,Female,242.89.47.25
190,Denny,Levick,dlevick59@so-net.ne.jp,Male,153.242.159.129
191,Marco,Rentilll,mrentilll5a@youtu.be,Male,146.240.32.238
192,Korey,MacIlraith,kmacilraith5b@xing.com,Male,17.136.48.70
193,Corena,Orgen,corgen5c@senate.gov,Female,10.116.199.32
194,Enos,Livard,elivard5d@behance.net,Male,38.30.254.20
195,Hastings,Van den Broek,hvandenbroek5e@thetimes.co.uk,Male,102.127.130.189
196,Sandor,Mouat,smouat5f@sakura.ne.jp,Male,141.47.112.201
197,Norah,Rickford,nrickford5g@ustream.tv,Agender,126.146.197.5
198,Corinne,Fundell,cfundell5h@google.com.hk,Polygender,37.230.160.38
199,Rhea,Sweatman,rsweatman5i@surveymonkey.com,Female,87.223.230.104
200,Teirtza,Johannesson,tjohannesson5j@hexun.com,Female,0.221.98.118
201,Leopold,Langfield,llangfield5k@ihg.com,Male,201.116.123.245
202,Shandy,Bearcroft,sbearcroft5l@elpais.com,Female,47.238.203.245
203,Boony,Jubert,bjubert5m@cdc.gov,Male,117.129.207.74
204,Sherlock,Dellatorre,sdellatorre5n@163.com,Male,210.120.62.81
205,Hamlin,Garbott,hgarbott5o@ftc.gov,Male,176.147.173.80
206,Wandis,Petrovic,wpetrovic5p@washington.edu,Female,171.146.18.48
207,Sheree,Bellini,sbellini5q@youku.com,Female,39.0.206.216
208,Tiebout,Shipton,tshipton5r@t.co,Male,101.12.199.233
209,Thaddus,Paquet,tpaquet5s@people.com.cn,Male,3.238.162.255
210,Lindsey,Gunny,lgunny5t@sphinn.com,Male,130.244.105.140
211,Vivianna,Cazereau,vcazereau5u@miibeian.gov.cn,Female,85.92.194.143
212,Bax,Hemphrey,bhemphrey5v@jiathis.com,Male,57.178.24.212
213,Shela,Maskill,smaskill5w@surveymonkey.com,Female,217.109.72.3
214,Deena,Duchart,dduchart5x@vistaprint.com,Female,30.212.88.132
215,Moreen,Sadry,msadry5y@washington.edu,Female,64.2.34.107
216,Cloe,Freeberne,cfreeberne5z@nymag.com,Female,204.76.19.190
217,Bondie,Fazakerley,bfazakerley60@house.gov,Male,158.89.221.86
218,Shanda,Jackways,sjackways61@jimdo.com,Female,129.64.62.84
219,Madonna,Raund,mraund62@surveymonkey.com,Female,116.236.46.207
220,Iseabal,Flacke,iflacke63@php.net,Female,46.49.85.35
221,Ingrid,Faithfull,ifaithfull64@usa.gov,Female,76.250.87.69
222,Edward,Viner,eviner65@newsvine.com,Male,117.96.161.3
223,Rivi,Garter,rgarter66@usnews.com,Female,248.21.188.159
224,Tera,Rennock,trennock67@bloglovin.com,Female,96.19.14.104
225,Dacie,Gonnet,dgonnet68@miitbeian.gov.cn,Female,39.16.241.243
226,Ginger,Wythe,gwythe69@apple.com,Male,121.94.114.76
227,Dominique,Moorfield,dmoorfield6a@discovery.com,Female,202.130.182.109
228,Barn,Treacy,btreacy6b@devhub.com,Male,30.8.64.76
229,Warden,Leggis,wleggis6c@google.com.br,Male,187.249.107.196
230,Ezra,McRill,emcrill6d@barnesandnoble.com,Male,247.154.195.203
231,Midge,De Hooch,mdehooch6e@simplemachines.org,Female,92.35.26.100
232,Nance,Pescod,npescod6f@nymag.com,Female,248.124.82.180
233,Hartley,Drayson,hdrayson6g@angelfire.com,Male,104.8.58.178
234,Linnell,Swinford,lswinford6h@examiner.com,Female,227.245.138.65
235,Tamqrah,Lawlan,tlawlan6i@mashable.com,Female,121.122.239.85
236,Tabby,Beardsell,tbeardsell6j@economist.com,Genderfluid,131.60.121.112
237,Hugh,Mariot,hmariot6k@desdev.cn,Male,134.29.35.79
238,Vincenty,Chandler,vchandler6l@netscape.com,Male,131.215.28.246
239,Hattie,Seegar,hseegar6m@forbes.com,Female,49.171.40.144
240,April,Ashby,aashby6n@blogs.com,Agender,176.172.217.16
241,Pet,Addekin,paddekin6o@ning.com,Genderqueer,23.33.4.163
242,Cloe,Ashmole,cashmole6p@geocities.com,Agender,19.202.173.49
243,Charles,Howood,chowood6q@desdev.cn,Male,224.124.27.109
244,Carmita,Houchin,chouchin6r@last.fm,Non-binary,178.54.146.16
245,Christy,Ivantyev,civantyev6s@boston.com,Female,29.176.161.160
246,Stace,Cocklie,scocklie6t@mapquest.com,Genderfluid,150.32.10.36
247,Tomas,Mardy,tmardy6u@jugem.jp,Male,57.25.30.102
248,Aron,Gherardelli,agherardelli6v@technorati.com,Male,54.53.173.67
249,Pamelina,Lant,plant6w@wiley.com,Genderfluid,4.77.221.218
250,Oberon,Foulis,ofoulis6x@technorati.com,Male,85.106.236.193
251,Hazlett,Copplestone,hcopplestone6y@cyberchimps.com,Male,83.179.0.90
252,Licha,Toulamain,ltoulamain6z@sina.com.cn,Female,1.77.38.13
253,Charlean,Nockalls,cnockalls70@acquirethisname.com,Female,147.252.169.10
254,Crawford,Severwright,cseverwright71@kickstarter.com,Male,93.79.150.70
255,Sunny,Demcak,sdemcak72@telegraph.co.uk,Male,80.110.103.170
256,Aile,Druery,adruery73@squarespace.com,Genderqueer,136.243.92.222
257,Darcey,Hartnup,dhartnup74@tumblr.com,Female,78.2.240.158
258,Callida,McCullock,cmccullock75@ocn.ne.jp,Female,50.158.51.125
259,Gordon,Atherton,gatherton76@psu.edu,Male,215.40.172.66
260,Sharia,Gelsthorpe,sgelsthorpe77@addthis.com,Female,26.65.233.234
261,Herrick,Billinge,hbillinge78@craigslist.org,Male,22.140.167.80
262,Janette,Lago,jlago79@wisc.edu,Female,247.104.200.232
263,Cathee,Postle,cpostle7a@google.com.au,Female,77.248.121.216
264,Marlena,Norrington,mnorrington7b@admin.ch,Female,83.232.152.9
265,Miner,Wyss,mwyss7c@usa.gov,Male,122.1.225.47
266,Camala,Derisley,cderisley7d@umn.edu,Female,40.191.94.173
267,Krysta,Cubitt,kcubitt7e@scientificamerican.com,Female,110.207.43.123
268,Pace,Allibone,pallibone7f@prlog.org,Male,127.95.142.27
269,Ludovico,Caldecourt,lcaldecourt7g@illinois.edu,Male,158.193.90.155
270,Emelyne,Stuckley,estuckley7h@amazonaws.com,Female,46.84.200.182
271,Evan,Careswell,ecareswell7i@webeden.co.uk,Male,67.29.221.8
272,Charlotte,Spacie,cspacie7j@buzzfeed.com,Female,173.8.6.113
273,Fields,Mattsson,fmattsson7k@slashdot.org,Male,25.114.220.120
274,Reinald,Lafoy,rlafoy7l@disqus.com,Bigender,253.38.213.113
275,Adeline,Rose,arose7m@shutterfly.com,Female,93.12.167.9
276,Coralyn,Musicka,cmusicka7n@multiply.com,Female,197.183.45.230
277,Sven,Chellingworth,schellingworth7o@gmpg.org,Male,53.151.207.106
278,Isidor,Cordel,icordel7p@is.gd,Male,37.36.47.31
279,Sheridan,O'Harney,soharney7q@ucla.edu,Male,122.130.107.166
280,Tomi,Dewes,tdewes7r@fotki.com,Genderqueer,136.124.249.23
281,Clea,Beverage,cbeverage7s@nhs.uk,Female,194.87.117.56
282,Cordelia,Balle,cballe7t@umn.edu,Female,165.174.88.110
283,Hastings,Itchingham,hitchingham7u@prweb.com,Male,129.82.154.195
284,Bertie,Oliff,boliff7v@usatoday.com,Bigender,23.154.204.78
285,Mair,Verbrugghen,mverbrugghen7w@furl.net,Female,80.187.60.18
286,Krisha,O'Corren,kocorren7x@mashable.com,Male,88.1.37.10
287,Shurlocke,Gostage,sgostage7y@macromedia.com,Male,246.133.55.131
288,Nye,Brouwer,nbrouwer7z@example.com,Male,73.233.103.220
289,Adamo,Shuttleworth,ashuttleworth80@hhs.gov,Male,79.93.126.75
290,Austin,Hansford,ahansford81@nature.com,Female,248.92.251.81
291,Madelina,Folcarelli,mfolcarelli82@cpanel.net,Female,133.12.48.174
292,Cameron,De Zamudio,cdezamudio83@time.com,Male,119.29.69.229
293,Alaine,Janway,ajanway84@photobucket.com,Genderqueer,246.106.149.248
294,Jannel,Odlin,jodlin85@hud.gov,Female,199.138.161.164
295,Mark,Symones,msymones86@typepad.com,Genderqueer,129.174.179.141
296,Pierrette,Bonifazio,pbonifazio87@purevolume.com,Female,28.29.190.8
297,Piggy,Illyes,pillyes88@vimeo.com,Male,44.224.231.248
298,Arlee,Garlinge,agarlinge89@unblog.fr,Female,219.230.197.63
299,Morena,Flemyng,mflemyng8a@rediff.com,Genderfluid,34.231.22.143
300,Sigismond,Parsonson,sparsonson8b@usgs.gov,Male,178.26.138.248
301,Genny,Stroulger,gstroulger8c@about.me,Female,252.228.95.119
302,Fee,Berrisford,fberrisford8d@telegraph.co.uk,Polygender,216.50.27.33
303,Edlin,De Benedetti,edebenedetti8e@booking.com,Male,28.44.242.103
304,Lena,Slark,lslark8f@dot.gov,Female,208.106.42.171
305,Obie,Bilsford,obilsford8g@businessweek.com,Male,141.134.226.231
306,Alfredo,Powlesland,apowlesland8h@spiegel.de,Male,141.102.157.244
307,Brigida,Girardy,bgirardy8i@dagondesign.com,Genderfluid,141.151.155.231
308,Paule,Smullin,psmullin8j@flickr.com,Female,38.36.90.150
309,Evaleen,Cammock,ecammock8k@networkadvertising.org,Non-binary,231.229.105.233
310,Marne,Baike,mbaike8l@imgur.com,Female,82.71.223.134
311,Katrine,Mcasparan,kmcasparan8m@creativecommons.org,Female,76.85.202.121
312,Hugues,Meus,hmeus8n@nyu.edu,Male,232.17.206.14
313,Shauna,Bernucci,sbernucci8o@imageshack.us,Female,39.186.54.187
314,Rockey,Habershon,rhabershon8p@goodreads.com,Bigender,151.153.195.88
315,Emanuel,Coleby,ecoleby8q@google.co.uk,Male,48.211.144.70
316,Stefania,Cheng,scheng8r@bloomberg.com,Female,71.12.225.20
317,Ashbey,Downey,adowney8s@craigslist.org,Male,151.99.214.119
318,Dore,Stellman,dstellman8t@woothemes.com,Female,37.166.49.193
319,Rorke,Tupman,rtupman8u@bluehost.com,Male,11.142.7.170
320,Maurene,Armsden,marmsden8v@aol.com,Female,248.108.85.86
321,Jan,Empson,jempson8w@sfgate.com,Agender,202.221.84.51
322,Ellie,Rickhuss,erickhuss8x@nifty.com,Female,187.46.32.110
323,Barny,Foard,bfoard8y@dmoz.org,Male,107.68.187.174
324,Sybilla,Heggman,sheggman8z@ftc.gov,Genderfluid,48.207.193.64
325,Elmer,Vail,evail90@cafepress.com,Male,92.44.80.140
326,Samson,Blowin,sblowin91@boston.com,Male,28.213.220.171
327,Sam,Gwin,sgwin92@businessweek.com,Male,177.82.20.205
328,Tab,Sandifer,tsandifer93@cdbaby.com,Male,56.162.94.25
329,Ashely,Lots,alots94@eventbrite.com,Female,41.192.54.49
330,Sollie,Limbourne,slimbourne95@ycombinator.com,Male,221.137.134.220
331,Tova,Noar,tnoar96@oracle.com,Female,210.110.202.191
332,Allayne,Maplestone,amaplestone97@cisco.com,Male,108.143.67.96
333,Stanton,Dixcey,sdixcey98@domainmarket.com,Non-binary,74.225.109.162
334,Pru,Patley,ppatley99@bbc.co.uk,Female,68.4.69.197
335,Matt,Fearenside,mfearenside9a@unblog.fr,Male,12.81.226.136
336,Thibaud,Claypoole,tclaypoole9b@marketwatch.com,Male,119.74.35.142
337,Con,Stranahan,cstranahan9c@i2i.jp,Male,144.185.182.33
338,Dasya,Arnison,darnison9d@home.pl,Female,141.64.53.217
339,Normie,Vaen,nvaen9e@intel.com,Male,10.139.58.187
340,Zsazsa,Lockwood,zlockwood9f@dion.ne.jp,Polygender,84.232.98.75
341,Kipp,Khomich,kkhomich9g@taobao.com,Female,213.58.85.205
342,Keeley,Scholtz,kscholtz9h@shinystat.com,Female,7.119.32.173
343,Neilla,Jamrowicz,njamrowicz9i@dyndns.org,Female,99.135.222.93
344,Raine,Jolland,rjolland9j@diigo.com,Female,12.86.124.179
345,Abran,Sotworth,asotworth9k@nsw.gov.au,Male,85.172.205.210
346,Reagen,Duckhouse,rduckhouse9l@latimes.com,Male,227.96.186.193
347,Devora,Master,dmaster9m@123-reg.co.uk,Female,173.247.202.53
348,Griffie,Fortye,gfortye9n@dmoz.org,Male,89.131.62.104
349,Whittaker,Gunbie,wgunbie9o@pen.io,Male,91.57.23.252
350,Gabriella,Elston,gelston9p@bizjournals.com,Female,224.10.194.20
351,Tawsha,Matveiko,tmatveiko9q@shareasale.com,Female,5.62.35.55
352,Cordey,Dennis,cdennis9r@yolasite.com,Female,87.6.125.37
353,Dorene,Screeton,dscreeton9s@usa.gov,Female,86.136.146.246
354,Judy,Andriss,jandriss9t@123-reg.co.uk,Female,126.185.157.230
355,Stephan,Izacenko,sizacenko9u@elegantthemes.com,Male,135.18.26.163
356,Ailsun,Schmidt,aschmidt9v@wikispaces.com,Female,52.126.164.143
357,Bobby,Musk,bmusk9w@mtv.com,Female,132.109.162.100
358,Hermione,Garthland,hgarthland9x@bloomberg.com,Bigender,117.27.249.139
359,Hope,Babonau,hbabonau9y@cmu.edu,Female,248.35.53.93
360,Lefty,Gauson,lgauson9z@pagesperso-orange.fr,Agender,248.240.77.159
361,Cash,Hamlet,chamleta0@cyberchimps.com,Non-binary,221.195.194.217
362,Lea,Leel,lleela1@house.gov,Female,237.153.222.201
363,Catlin,Linnit,clinnita2@dot.gov,Female,220.121.0.181
364,Kaela,Hugo,khugoa3@amazon.com,Female,176.43.227.37
365,Elroy,Malzard,emalzarda4@desdev.cn,Male,120.217.209.106
366,Susann,Oloshkin,soloshkina5@diigo.com,Genderfluid,247.137.208.132
367,Misty,Lycett,mlycetta6@china.com.cn,Female,233.146.194.25
368,Maddy,Clancy,mclancya7@answers.com,Male,215.53.121.219
369,Letisha,Cooke,lcookea8@live.com,Agender,219.193.236.239
370,Kayla,Cobbe,kcobbea9@studiopress.com,Female,172.114.77.211
371,Papageno,Greensite,pgreensiteaa@skyrock.com,Male,125.76.170.43
372,Sorcha,Farres,sfarresab@amazon.co.uk,Female,154.102.201.62
373,Maurits,Tourry,mtourryac@last.fm,Male,177.70.76.69
374,Noel,Emburey,nembureyad@xing.com,Male,109.47.218.155
375,Quint,Guillerman,qguillermanae@last.fm,Male,178.216.150.20
376,Raymond,Petow,rpetowaf@biblegateway.com,Male,231.189.179.142
377,Levi,Ducastel,lducastelag@nih.gov,Male,13.195.251.56
378,Bethena,Cranny,bcrannyah@wisc.edu,Female,35.152.84.137
379,Ginnie,Kilvington,gkilvingtonai@ebay.com,Female,156.121.123.38
380,Laurence,Winterburn,lwinterburnaj@imageshack.us,Male,229.33.224.214
381,Franzen,Hawkin,fhawkinak@omniture.com,Male,133.132.45.178
382,Danette,Rennebeck,drennebeckal@flickr.com,Female,239.38.60.28
383,Nataline,Gilmartin,ngilmartinam@state.tx.us,Female,177.90.233.65
384,Sawyer,Maskew,smaskewan@ifeng.com,Male,182.224.94.169
385,Willie,Lodden,wloddenao@godaddy.com,Female,209.50.243.156
386,Cody,Carnier,ccarnierap@miibeian.gov.cn,Female,14.116.126.129
387,Pietro,MacDonogh,pmacdonoghaq@newyorker.com,Male,199.97.100.96
388,Thomas,Hellikes,thellikesar@google.co.uk,Male,85.67.43.183
389,Thorin,Cokayne,tcokayneas@chicagotribune.com,Male,238.254.74.173
390,Norbie,Cowins,ncowinsat@forbes.com,Male,191.119.241.11
391,Mikol,Iacovaccio,miacovaccioau@angelfire.com,Male,238.25.121.21
392,Celeste,Leaburn,cleaburnav@newsvine.com,Female,242.122.235.222
393,Deloris,Gussie,dgussieaw@storify.com,Female,176.139.113.138
394,Alric,Adnet,aadnetax@about.me,Male,85.228.3.252
395,Artemas,Chese,acheseay@fastcompany.com,Male,75.1.206.231
396,Shelli,Gullivent,sgulliventaz@tiny.cc,Female,254.11.118.165
397,Thaddeus,Eastlake,teastlakeb0@nba.com,Male,13.168.9.20
398,Rebeka,Tipperton,rtippertonb1@sbwire.com,Female,69.176.26.153
399,Kenyon,Fisbburne,kfisbburneb2@usda.gov,Male,204.116.57.192
400,Percy,Brydon,pbrydonb3@sciencedirect.com,Male,147.158.249.148
401,Harold,Treves,htrevesb4@ameblo.jp,Male,152.150.78.177
402,Fanchette,Aumerle,faumerleb5@independent.co.uk,Genderfluid,129.144.25.134
403,Koralle,Rolf,krolfb6@narod.ru,Female,40.22.35.19
404,Robinson,Langlois,rlangloisb7@tinypic.com,Male,238.18.87.227
405,Sheridan,Delhanty,sdelhantyb8@adobe.com,Male,236.10.175.28
406,Darcie,Coffelt,dcoffeltb9@nature.com,Female,158.55.133.114
407,Iolanthe,Beckworth,ibeckworthba@indiatimes.com,Female,3.143.202.23
408,Iain,Spykins,ispykinsbb@aboutads.info,Genderfluid,154.79.210.9
409,Benton,Bambridge,bbambridgebc@mozilla.org,Male,121.216.60.28
410,Seymour,Gavrieli,sgavrielibd@nps.gov,Male,108.204.186.81
411,Neil,Silbert,nsilbertbe@feedburner.com,Male,224.167.46.197
412,Wakefield,Rignall,wrignallbf@multiply.com,Agender,7.135.254.202
413,Conney,Shapero,cshaperobg@wired.com,Genderqueer,54.64.36.196
414,Merle,Scartifield,mscartifieldbh@yandex.ru,Male,95.93.128.140
415,Ynes,Tunuy,ytunuybi@google.it,Female,109.35.72.32
416,Dell,Bernhardt,dbernhardtbj@hugedomains.com,Male,64.216.241.38
417,Whitaker,Weakley,wweakleybk@feedburner.com,Male,170.218.33.142
418,Danny,Jensen,djensenbl@foxnews.com,Male,162.209.23.214
419,Uriah,Raymen,uraymenbm@paginegialle.it,Male,46.183.177.196
420,Fran,Hammerberger,fhammerbergerbn@spiegel.de,Male,196.22.250.44
421,Wright,Roache,wroachebo@dot.gov,Male,112.129.89.111
422,Laverne,Fayers,lfayersbp@unblog.fr,Female,42.4.176.24
423,Stacy,Sones,ssonesbq@studiopress.com,Male,72.173.191.149
424,Silvano,Lorek,slorekbr@scribd.com,Male,159.7.58.74
425,Alisa,Woloschinski,awoloschinskibs@ning.com,Female,194.31.136.214
426,Merrilee,Brunning,mbrunningbt@tumblr.com,Female,170.94.133.66
427,Ransell,Jarrold,rjarroldbu@va.gov,Male,163.10.210.111
428,Brewster,Allott,ballottbv@whitehouse.gov,Male,123.79.151.77
429,Binny,Aronowicz,baronowiczbw@nymag.com,Genderfluid,44.63.70.182
430,Raphael,Alkin,ralkinbx@purevolume.com,Genderqueer,131.166.20.118
431,Abelard,Haeslier,ahaeslierby@youtu.be,Male,252.198.149.108
432,Jaclyn,Leamon,jleamonbz@slate.com,Female,89.120.29.17
433,Bobbe,Strangward,bstrangwardc0@xinhuanet.com,Female,172.82.45.121
434,Gare,McIan,gmcianc1@instagram.com,Male,62.128.179.56
435,Hardy,Sturgeon,hsturgeonc2@cisco.com,Male,124.86.78.163
436,Reed,Gwilliam,rgwilliamc3@hud.gov,Male,43.85.55.10
437,Burnard,Lenaghen,blenaghenc4@upenn.edu,Male,144.109.129.194
438,Gunther,Kelly,gkellyc5@amazon.co.jp,Male,238.165.190.32
439,Stephani,Gamlyn,sgamlync6@skype.com,Female,134.126.97.110
440,Clair,Drayton,cdraytonc7@businessinsider.com,Male,101.223.192.7
441,Judy,Mayman,jmaymanc8@comcast.net,Female,46.216.109.55
442,Freddi,Fuentes,ffuentesc9@php.net,Female,49.12.70.104
443,Michail,Oneile,moneileca@foxnews.com,Male,251.37.46.212
444,Sacha,Treven,strevencb@yale.edu,Female,46.25.154.120
445,Andris,Tomaskov,atomaskovcc@state.gov,Male,64.246.6.199
446,Delora,Urquhart,durquhartcd@tamu.edu,Female,241.201.191.80
447,Marja,Abramovic,mabramovicce@spotify.com,Female,173.161.237.100
448,Arnold,Follet,afolletcf@quantcast.com,Genderqueer,36.250.14.4
449,Blythe,Simoni,bsimonicg@wufoo.com,Female,83.12.229.222
450,Jecho,Lathwood,jlathwoodch@shop-pro.jp,Male,152.74.15.191
451,Lynea,Eplate,leplateci@comcast.net,Female,21.112.44.45
452,Emelen,Ainslee,eainsleecj@youku.com,Male,79.165.1.38
453,Kevyn,Peschmann,kpeschmannck@hexun.com,Female,154.151.192.144
454,Emelda,Btham,ebthamcl@last.fm,Female,245.115.41.43
455,Kelly,Oswell,koswellcm@youtube.com,Male,37.234.94.142
456,Kimberly,Farnill,kfarnillcn@nbcnews.com,Female,2.169.212.186
457,Hershel,Bernardes,hbernardesco@drupal.org,Male,241.247.186.63
458,Sherill,Swyre,sswyrecp@fema.gov,Female,98.192.178.202
459,Dee dee,Dundin,ddundincq@google.es,Female,27.109.229.165
460,Nickolaus,Dudleston,ndudlestoncr@wp.com,Male,57.64.75.177
461,Ozzy,Roblin,oroblincs@photobucket.com,Male,60.115.7.72
462,Skippy,Bellson,sbellsonct@soup.io,Male,201.229.49.7
463,Anya,Yter,aytercu@chron.com,Female,226.214.191.147
464,Renie,Allain,rallaincv@smh.com.au,Female,15.73.127.95
465,Eolande,Reubens,ereubenscw@sciencedirect.com,Female,76.79.18.170
466,Celinda,Curle,ccurlecx@flavors.me,Female,250.48.77.147
467,Lyle,Founds,lfoundscy@xinhuanet.com,Male,24.173.227.227
468,Rainer,Driscoll,rdriscollcz@nyu.edu,Male,119.223.12.27
469,Shela,Mangenot,smangenotd0@mtv.com,Non-binary,197.192.28.161
470,Foster,Clemon,fclemond1@washingtonpost.com,Male,245.218.225.1
471,Eleonora,Henderson,ehendersond2@cmu.edu,Female,133.255.155.81
472,Izak,Lago,ilagod3@newsvine.com,Genderqueer,25.72.204.235
473,Cordelie,Martinolli,cmartinollid4@csmonitor.com,Female,240.184.213.71
474,Laraine,Temperton,ltempertond5@delicious.com,Female,79.151.237.36
475,Rickert,Tregensoe,rtregensoed6@vistaprint.com,Male,221.63.126.10
476,Rebekkah,Fransinelli,rfransinellid7@tamu.edu,Female,176.229.134.170
477,Francoise,Akister,fakisterd8@addthis.com,Female,108.246.240.216
478,Delila,Peggram,dpeggramd9@blinklist.com,Female,167.20.144.99
479,Maud,Zapater,mzapaterda@icio.us,Female,2.20.198.238
480,Eyde,Yesenin,eyesenindb@theglobeandmail.com,Female,104.192.43.66
481,Lutero,Revitt,lrevittdc@oracle.com,Male,164.82.47.31
482,Elmer,Hetterich,ehetterichdd@youtu.be,Male,8.141.60.160
483,Nadine,Hatchette,nhatchettede@flickr.com,Female,170.83.167.245
484,Davy,Spurling,dspurlingdf@netscape.com,Polygender,50.17.99.63
485,Tuckie,Ling,tlingdg@disqus.com,Agender,253.189.100.60
486,Violet,Dries,vdriesdh@xinhuanet.com,Female,40.211.170.127
487,Bartie,Broszkiewicz,bbroszkiewiczdi@weibo.com,Male,223.90.8.53
488,Nollie,Meindl,nmeindldj@hhs.gov,Female,77.162.15.16
489,Robin,Cornils,rcornilsdk@imdb.com,Female,2.188.94.128
490,Pearla,Plak,pplakdl@npr.org,Female,247.59.237.224
491,Georas,McGinney,gmcginneydm@ezinearticles.com,Male,225.131.253.38
492,Car,Chateau,cchateaudn@mediafire.com,Male,199.150.184.141
493,Carl,Heningham,cheninghamdo@usa.gov,Male,130.87.175.207
494,Doe,Gauge,dgaugedp@mapquest.com,Female,162.171.107.126
495,Marshal,Aslin,maslindq@ehow.com,Male,99.74.94.115
496,Pia,Danat,pdanatdr@ameblo.jp,Female,56.248.184.66
497,Georas,Bertomieu,gbertomieuds@go.com,Male,246.53.252.82
498,Emilia,Bottrell,ebottrelldt@163.com,Female,178.84.202.124
499,Missy,Aishford,maishforddu@twitpic.com,Bigender,146.231.232.177
500,Dorene,Bastard,dbastarddv@mapquest.com,Bigender,183.122.13.16
501,Munmro,Emerton,memertondw@vk.com,Male,162.64.217.8
502,Khalil,Rubinek,krubinekdx@mit.edu,Male,177.21.8.81
503,Cindy,Grigoroni,cgrigoronidy@toplist.cz,Female,161.232.239.239
504,Brigg,Bunyard,bbunyarddz@ox.ac.uk,Male,240.1.196.239
505,Hedwig,Shipp,hshippe0@last.fm,Female,43.36.189.193
506,Umeko,Moring,umoringe1@mapy.cz,Female,0.155.46.50
507,Breena,Kondrat,bkondrate2@devhub.com,Female,42.8.250.43
508,Lynette,Kinver,lkinvere3@github.com,Female,213.249.135.53
509,Barbra,Woodwing,bwoodwinge4@dropbox.com,Female,69.106.96.86
510,Olga,Aldersey,oalderseye5@sbwire.com,Female,28.33.254.239
511,Bobby,Decourt,bdecourte6@jiathis.com,Female,133.46.254.241
512,Claudetta,Kleisle,ckleislee7@last.fm,Female,92.81.236.179
513,Nicko,Shuttlewood,nshuttlewoode8@bigcartel.com,Male,169.178.70.13
514,Leia,Ygou,lygoue9@miibeian.gov.cn,Female,54.5.39.60
515,Nicky,Everitt,neverittea@hubpages.com,Female,113.184.2.76
516,Mab,Anscombe,manscombeeb@google.ru,Female,21.134.69.240
517,Lorne,Tolan,ltolanec@ovh.net,Male,118.111.182.172
518,Micki,Petrichat,mpetrichated@tumblr.com,Female,174.75.51.246
519,Lauri,Czajkowski,lczajkowskiee@yale.edu,Female,134.94.192.84
520,Lucias,Faivre,lfaivreef@t-online.de,Male,184.204.164.3
521,Fidelio,Skipper,fskippereg@nifty.com,Agender,165.228.43.151
522,Witty,Goldston,wgoldstoneh@admin.ch,Male,118.40.228.114
523,Bartolomeo,Gregoire,bgregoireei@reuters.com,Male,245.147.159.231
524,Rodrique,Gapp,rgappej@nymag.com,Male,246.73.229.150
525,Nikolai,Dummett,ndummettek@unicef.org,Male,43.33.251.212
526,Josey,Cornbill,jcornbillel@rambler.ru,Female,127.40.98.199
527,Craggy,Ennever,cenneverem@cbslocal.com,Male,98.251.185.87
528,Alix,Gonnel,agonnelen@ow.ly,Male,142.102.202.24
529,Red,Rubenovic,rrubenoviceo@microsoft.com,Male,29.98.152.100
530,Cacilia,Newlove,cnewloveep@ustream.tv,Female,165.227.154.35
531,Lucila,Ganderton,lgandertoneq@ifeng.com,Female,223.124.185.123
532,Murdock,Bracchi,mbracchier@illinois.edu,Male,153.108.230.207
533,Pavia,Mabbott,pmabbottes@histats.com,Female,32.21.226.98
534,Tish,Seston,tsestonet@npr.org,Female,91.198.18.251
535,Alexina,Healy,ahealyeu@marriott.com,Female,251.227.201.41
536,Zane,Tunder,ztunderev@theglobeandmail.com,Male,108.114.222.214
537,Job,Yellowlees,jyellowleesew@flavors.me,Male,78.23.68.203
538,Trevar,Wodeland,twodelandex@woothemes.com,Male,67.85.28.28
539,Thomasa,Godman,tgodmaney@elegantthemes.com,Female,91.41.65.236
540,Justinian,Tanguy,jtanguyez@epa.gov,Male,63.224.120.24
541,Rodolphe,Vyse,rvysef0@printfriendly.com,Male,152.29.207.92
542,Aguste,Mechell,amechellf1@g.co,Male,160.235.172.130
543,Nettle,Aked,nakedf2@amazonaws.com,Female,87.162.214.61
544,Jaquelin,Ranger,jrangerf3@wikia.com,Female,71.146.7.106
545,Konrad,Chucks,kchucksf4@feedburner.com,Male,50.200.90.230
546,Darrin,Leeves,dleevesf5@independent.co.uk,Male,189.25.155.239
547,Sunshine,Soldner,ssoldnerf6@homestead.com,Female,66.208.194.4
548,Pooh,Boldra,pboldraf7@theguardian.com,Male,205.174.245.250
549,Leonid,Mitchely,lmitchelyf8@hp.com,Male,185.128.181.247
550,Kenneth,Labet,klabetf9@bloglines.com,Male,161.171.196.52
551,Lucretia,Hudson,lhudsonfa@thetimes.co.uk,Female,218.40.98.215
552,Myriam,Dietsche,mdietschefb@canalblog.com,Female,108.1.154.76
553,Edward,Heale,ehealefc@cafepress.com,Male,18.195.192.199
554,Montague,Eglington,meglingtonfd@cargocollective.com,Male,53.240.246.69
555,Ashlee,Summerson,asummersonfe@wired.com,Female,216.56.74.86
556,Amble,Downe,adowneff@google.ru,Male,255.91.171.194
557,Brook,Ashenhurst,bashenhurstfg@hp.com,Male,41.201.115.99
558,Bess,Northwood,bnorthwoodfh@google.fr,Female,50.239.120.176
559,Amery,Surcombe,asurcombefi@csmonitor.com,Male,238.19.169.122
560,Rock,Lundbech,rlundbechfj@photobucket.com,Male,106.50.133.75
561,Modestine,Vannet,mvannetfk@istockphoto.com,Female,208.191.247.24
562,Mureil,Ivamy,mivamyfl@blinklist.com,Female,252.206.18.183
563,Everett,Acheson,eachesonfm@hhs.gov,Male,178.35.217.17
564,Wesley,Hargreave,whargreavefn@free.fr,Male,44.159.56.224
565,Drucie,Kuhnel,dkuhnelfo@dailymotion.com,Female,220.218.229.221
566,Wilhelm,Doghartie,wdoghartiefp@feedburner.com,Male,45.201.28.148
567,Royall,Grigor,rgrigorfq@is.gd,Bigender,209.203.135.236
568,Fawnia,Vinden,fvindenfr@bbb.org,Female,6.223.213.110
569,Dorotea,Drew-Clifton,ddrewcliftonfs@comcast.net,Female,184.64.32.245
570,Sallyanne,Antunes,santunesft@elegantthemes.com,Genderfluid,9.137.159.214
571,Kiri,MacAlester,kmacalesterfu@hostgator.com,Female,177.2.233.8
572,Richardo,Janic,rjanicfv@wired.com,Male,100.255.150.235
573,Cathrine,Elsworth,celsworthfw@archive.org,Female,206.32.115.122
574,Blane,Lovejoy,blovejoyfx@drupal.org,Male,91.180.212.142
575,Jeanna,Filer,jfilerfy@dot.gov,Female,26.40.202.25
576,Emile,Haresign,eharesignfz@arizona.edu,Male,131.253.200.191
577,Ursala,Faich,ufaichg0@google.ru,Female,62.251.94.3
578,Lorna,Vinnick,lvinnickg1@scientificamerican.com,Female,44.141.68.7
579,Ly,Rapper,lrapperg2@cbslocal.com,Male,255.99.255.13
580,Petronia,Secret,psecretg3@nasa.gov,Female,72.150.203.150
581,Mitzi,Velte,mvelteg4@netscape.com,Female,233.54.150.141
582,Hamish,Fitt,hfittg5@discovery.com,Male,182.59.199.53
583,Clarance,Abbott,cabbottg6@squarespace.com,Male,167.30.27.60
584,Ogden,Kingdon,okingdong7@dailymail.co.uk,Genderfluid,231.173.240.189
585,Cristal,Mohan,cmohang8@deliciousdays.com,Female,24.100.135.40
586,Mead,Jeske,mjeskeg9@digg.com,Male,37.72.43.255
587,Glyn,Eagle,geaglega@aol.com,Male,180.23.108.74
588,Melania,Rois,mroisgb@fotki.com,Genderfluid,111.152.19.125
589,Shauna,Ellaway,sellawaygc@oaic.gov.au,Female,16.211.53.129
590,Damaris,Dallosso,ddallossogd@opera.com,Female,56.159.87.204
591,Reece,Ludlow,rludlowge@blogs.com,Male,255.224.17.249
592,Lin,Pattullo,lpattullogf@shareasale.com,Male,40.151.180.90
593,Brent,Ebdin,bebdingg@ow.ly,Male,144.99.220.183
594,Gabrila,Wakeley,gwakeleygh@macromedia.com,Female,226.26.74.137
595,Allissa,MacLaig,amaclaiggi@feedburner.com,Female,237.210.135.119
596,Jonie,Hulland,jhullandgj@networkadvertising.org,Female,42.106.74.177
597,Jaclyn,Sturte,jsturtegk@artisteer.com,Female,3.47.38.51
598,Hugues,Beak,hbeakgl@blogs.com,Male,68.236.123.204
599,Desmund,Copperwaite,dcopperwaitegm@woothemes.com,Male,152.214.22.103
600,Pam,Scholtis,pscholtisgn@latimes.com,Female,76.190.45.243
601,Ina,Moscone,imosconego@dagondesign.com,Female,138.93.138.205
602,Con,Luten,clutengp@spiegel.de,Agender,179.195.179.190
603,Dael,Bennen,dbennengq@blogger.com,Female,116.102.207.73
604,Wadsworth,Audley,waudleygr@huffingtonpost.com,Male,229.35.98.56
605,Jerome,Backsal,jbacksalgs@etsy.com,Male,254.58.142.95
606,Dinnie,Livoir,dlivoirgt@webs.com,Female,201.224.98.111
607,Iain,Gobolos,igobolosgu@boston.com,Male,61.46.13.165
608,Jerome,Gatherer,jgatherergv@netlog.com,Male,235.233.156.129
609,Jaime,Rosenzveig,jrosenzveiggw@newyorker.com,Female,23.224.117.238
610,Robbie,Habbin,rhabbingx@hud.gov,Male,81.20.199.136
611,Benedetto,Ickowics,bickowicsgy@omniture.com,Male,33.67.149.138
612,Marla,Skellion,mskelliongz@mit.edu,Female,112.111.231.60
613,Pammie,Santello,psantelloh0@geocities.com,Female,123.50.173.200
614,Juli,Greenall,jgreenallh1@economist.com,Female,241.172.155.21
615,Arny,Gepheart,agephearth2@flavors.me,Male,255.144.207.206
616,Trudi,Calbert,tcalberth3@github.io,Female,39.252.2.115
617,Lia,Treuge,ltreugeh4@reuters.com,Female,64.85.235.199
618,Gianna,Pellingar,gpellingarh5@aboutads.info,Female,26.117.154.193
619,Charo,Sparks,csparksh6@netscape.com,Female,214.152.47.27
620,Keeley,Madders,kmaddersh7@amazonaws.com,Female,116.43.246.18
621,Hanson,Mehew,hmehewh8@eepurl.com,Male,119.224.35.130
622,Konstanze,Verrechia,kverrechiah9@oaic.gov.au,Female,220.124.56.139
623,Lonnie,Sarver,lsarverha@loc.gov,Female,188.233.200.149
624,Hansiain,Ducket,hduckethb@gov.uk,Male,195.86.193.6
625,Annamaria,Lyddyard,alyddyardhc@symantec.com,Female,159.122.213.188
626,Margarette,Lightbown,mlightbownhd@tripod.com,Female,48.0.74.188
627,Magdalena,Harwin,mharwinhe@tripadvisor.com,Female,209.75.35.161
628,Ignace,Cogger,icoggerhf@tiny.cc,Male,147.12.182.77
629,Maximilien,Pauletti,mpaulettihg@forbes.com,Male,154.58.38.253
630,Peder,Chansonne,pchansonnehh@noaa.gov,Male,115.168.149.130
631,Nari,Pinhorn,npinhornhi@marriott.com,Female,171.5.134.157
632,Skipper,Berkowitz,sberkowitzhj@usda.gov,Male,9.219.59.76
633,Janel,Carsberg,jcarsberghk@gmpg.org,Female,103.195.128.42
634,Duke,Leyes,dleyeshl@amazon.de,Male,124.17.167.217
635,Charmain,Cosstick,ccosstickhm@sourceforge.net,Non-binary,104.255.191.78
636,Desdemona,Vinton,dvintonhn@virginia.edu,Female,30.106.158.253
637,Sindee,Chedgey,schedgeyho@mayoclinic.com,Female,194.188.137.254
638,Betta,Antosch,bantoschhp@mail.ru,Female,67.5.68.82
639,Kippie,Nutman,knutmanhq@noaa.gov,Female,250.67.97.201
640,Zebulen,Dunderdale,zdunderdalehr@mediafire.com,Male,38.33.88.42
641,Arlina,Lantaff,alantaffhs@histats.com,Female,107.124.102.171
642,Dolph,Alton,daltonht@typepad.com,Male,54.247.222.173
643,Abe,Locker,alockerhu@sciencedirect.com,Agender,139.133.145.180
644,Mellie,Martinetto,mmartinettohv@simplemachines.org,Female,185.172.84.167
645,Cullin,Wanderschek,cwanderschekhw@seattletimes.com,Male,70.230.70.192
646,Hilario,Skegg,hskegghx@gmpg.org,Male,244.168.88.76
647,Quent,Mannooch,qmannoochhy@mail.ru,Male,214.146.179.35
648,Kitty,Ruggles,kruggleshz@cpanel.net,Female,209.34.245.60
649,Ella,Beevers,ebeeversi0@google.ca,Female,43.245.216.220
650,Ilise,Gair,igairi1@examiner.com,Female,194.40.231.72
651,Godart,Reisk,greiski2@census.gov,Male,30.228.70.121
652,Betta,Hartright,bhartrighti3@dion.ne.jp,Female,137.229.217.187
653,Minnie,Wittering,mwitteringi4@is.gd,Agender,171.20.92.154
654,Corney,Dullingham,cdullinghami5@china.com.cn,Male,210.171.75.46
655,Vachel,Gianolini,vgianolinii6@oaic.gov.au,Male,194.24.27.15
656,Flynn,Wibrow,fwibrowi7@bizjournals.com,Male,5.224.155.96
657,Kelila,Barbary,kbarbaryi8@google.it,Female,71.230.171.55
658,Graehme,Aspray,gasprayi9@indiatimes.com,Male,171.31.212.249
659,Ailis,Brogden,abrogdenia@latimes.com,Female,106.251.207.221
660,Corby,Crockett,ccrockettib@netvibes.com,Agender,146.9.134.108
661,Mabelle,Tonner,mtonneric@unblog.fr,Female,9.151.255.211
662,Edan,Roff,eroffid@printfriendly.com,Male,55.167.59.98
663,Bernadine,Rubega,brubegaie@blogspot.com,Genderqueer,220.88.209.170
664,Simeon,Bryson,sbrysonif@unblog.fr,Male,150.68.83.95
665,Ferdie,Groucutt,fgroucuttig@thetimes.co.uk,Male,158.53.202.197
666,Perrine,Lowey,ploweyih@squarespace.com,Female,121.197.86.197
667,Othilie,Applewhite,oapplewhiteii@mashable.com,Female,51.5.205.26
668,Kelby,McCoid,kmccoidij@cornell.edu,Male,197.223.141.155
669,Weylin,McOrkil,wmcorkilik@uiuc.edu,Male,196.133.78.32
670,Erma,Whoston,ewhostonil@smugmug.com,Female,92.142.215.120
671,Nadya,McCuthais,nmccuthaisim@about.com,Female,28.255.91.37
672,Buddy,Maddison,bmaddisonin@wisc.edu,Male,54.45.32.43
673,Leelah,Cuseck,lcuseckio@sohu.com,Female,2.184.83.128
674,Dorthea,Hexter,dhexterip@free.fr,Female,240.88.225.113
675,Fara,Hawksby,fhawksbyiq@issuu.com,Female,101.36.168.183
676,Roddy,Deason,rdeasonir@time.com,Male,150.43.37.80
677,Datha,Mincini,dminciniis@github.com,Female,186.179.204.195
678,Fields,Anscott,fanscottit@stumbleupon.com,Male,135.113.45.38
679,Donal,Collecott,dcollecottiu@omniture.com,Male,20.104.120.135
680,Ursola,Topp,utoppiv@sphinn.com,Female,47.195.48.86
681,Dione,Phlipon,dphliponiw@jiathis.com,Female,65.20.244.148
682,Vilma,Scripture,vscriptureix@etsy.com,Female,84.48.11.182
683,Bing,Orgen,borgeniy@wisc.edu,Male,184.56.153.85
684,Minta,Allchorn,mallchorniz@hubpages.com,Female,160.205.207.143
685,Jabez,Schirak,jschirakj0@hugedomains.com,Male,101.211.37.213
686,Theadora,Billiard,tbilliardj1@scientificamerican.com,Female,122.68.30.95
687,Silvana,Castells,scastellsj2@cpanel.net,Female,240.185.127.113
688,Alida,Gierardi,agierardij3@etsy.com,Female,140.13.62.233
689,Dion,Power,dpowerj4@dedecms.com,Male,241.212.132.20
690,Brewster,Hands,bhandsj5@earthlink.net,Male,136.17.76.151
691,Rip,Labuschagne,rlabuschagnej6@gravatar.com,Male,202.83.111.100
692,Archaimbaud,Fawbert,afawbertj7@oakley.com,Male,212.165.199.36
693,Kennith,Philot,kphilotj8@cisco.com,Male,189.54.116.111
694,Evie,Trimmill,etrimmillj9@360.cn,Female,211.239.148.136
695,Reade,Worssam,rworssamja@photobucket.com,Male,76.72.19.23
696,Burt,Morefield,bmorefieldjb@nasa.gov,Male,161.172.3.5
697,Errol,Racine,eracinejc@rambler.ru,Male,137.41.32.57
698,Malissia,Edworthie,medworthiejd@un.org,Female,194.118.70.117
699,Gabbie,Vasyukhichev,gvasyukhichevje@usatoday.com,Male,87.178.186.126
700,Charlotte,Hillen,chillenjf@newyorker.com,Female,103.38.230.74
701,Hanson,Lofthouse,hlofthousejg@ucoz.com,Male,61.123.228.101
702,Katti,Ivakhnov,kivakhnovjh@gravatar.com,Genderfluid,134.87.135.3
703,Nadean,Lathleiffure,nlathleiffureji@google.cn,Female,195.199.205.57
704,Dorothea,Tokley,dtokleyjj@soup.io,Polygender,82.52.95.180
705,Skipton,Gleadle,sgleadlejk@google.nl,Male,203.125.61.207
706,Lavinie,Daveridge,ldaveridgejl@wordpress.org,Female,166.130.121.205
707,Kim,Chazette,kchazettejm@about.me,Female,113.95.219.143
708,Vanny,Koba,vkobajn@digg.com,Female,59.234.51.231
709,Cthrine,Atcock,catcockjo@dedecms.com,Female,14.219.220.9
710,Fitzgerald,Risen,frisenjp@arstechnica.com,Male,17.99.251.145
711,Wynn,Kennsley,wkennsleyjq@flickr.com,Female,250.188.59.180
712,Trev,Lawleff,tlawleffjr@so-net.ne.jp,Male,139.102.167.94
713,Garland,Lindeboom,glindeboomjs@bloglines.com,Female,251.42.226.215
714,Dode,Fazakerley,dfazakerleyjt@discuz.net,Female,2.118.77.135
715,Pacorro,Petche,ppetcheju@imageshack.us,Male,190.228.168.145
716,Renae,Tapper,rtapperjv@dion.ne.jp,Genderfluid,78.211.102.21
717,Reginald,Pagel,rpageljw@behance.net,Male,142.38.206.125
718,Monah,Hirsthouse,mhirsthousejx@ycombinator.com,Female,191.117.39.98
719,Dougie,Pesic,dpesicjy@about.me,Male,94.50.32.15
720,Thibaut,Girhard,tgirhardjz@engadget.com,Male,244.150.53.70
721,Josepha,Scarlet,jscarletk0@mysql.com,Female,121.183.86.48
722,Stephenie,Bushby,sbushbyk1@ucsd.edu,Female,173.108.23.23
723,Dotti,Starte,dstartek2@howstuffworks.com,Female,18.162.231.246
724,Ashely,Cock,acockk3@feedburner.com,Female,20.107.156.167
725,Bobbie,Tottem,btottemk4@pinterest.com,Female,115.55.152.110
726,Derrik,Mattusevich,dmattusevichk5@discuz.net,Male,198.85.53.159
727,Shandra,Dummett,sdummettk6@flavors.me,Female,27.92.230.103
728,Noel,Tremethack,ntremethackk7@privacy.gov.au,Male,126.10.21.237
729,Frederigo,Basant,fbasantk8@github.io,Male,96.57.102.57
730,Rowe,Towlson,rtowlsonk9@adobe.com,Female,71.163.191.229
731,Burl,Lathan,blathanka@lulu.com,Male,243.145.37.15
732,Maribelle,Hartgill,mhartgillkb@drupal.org,Female,172.175.49.95
733,Tedman,Karpmann,tkarpmannkc@state.tx.us,Male,207.250.241.120
734,Jenna,Gantzer,jgantzerkd@dion.ne.jp,Female,146.132.98.233
735,Zarla,Southway,zsouthwayke@google.co.jp,Female,210.173.221.132
736,Andrej,Woolacott,awoolacottkf@vinaora.com,Male,169.80.145.53
737,Taffy,William,twilliamkg@blog.com,Female,202.255.140.13
738,Arel,Coull,acoullkh@ted.com,Male,91.76.208.177
739,Angie,Lieb,aliebki@reddit.com,Male,0.45.68.177
740,Zara,Minkin,zminkinkj@exblog.jp,Female,2.105.221.62
741,Cecilia,Taplow,ctaplowkk@youtube.com,Female,95.134.43.210
742,Gradey,Croisier,gcroisierkl@gnu.org,Male,64.54.10.32
743,Bernie,Copins,bcopinskm@youku.com,Polygender,227.30.182.122
744,Bernelle,Jansen,bjansenkn@prweb.com,Female,242.5.162.125
745,Nikaniki,Orviss,norvissko@patch.com,Female,74.17.1.243
746,Deana,Edgar,dedgarkp@discuz.net,Female,135.222.6.248
747,Julie,Braben,jbrabenkq@xing.com,Female,92.33.243.85
748,Abramo,Binford,abinfordkr@mit.edu,Male,18.57.75.44
749,Kenny,Royston,kroystonks@clickbank.net,Male,51.49.62.85
750,Constantine,Gout,cgoutkt@ted.com,Male,241.9.60.18
751,Whittaker,Lowerson,wlowersonku@php.net,Male,25.86.193.238
752,Imojean,Jahncke,ijahnckekv@hibu.com,Female,12.25.181.220
753,Dennet,Adin,dadinkw@hibu.com,Male,157.98.0.29
754,Leta,Kippin,lkippinkx@narod.ru,Polygender,49.150.35.180
755,Zebulon,Bursell,zbursellky@tumblr.com,Male,190.246.183.46
756,Rhianna,Kainz,rkainzkz@springer.com,Female,141.140.225.77
757,Janice,Yellowlees,jyellowleesl0@newsvine.com,Female,139.34.89.191
758,Denys,Rickasse,drickassel1@elpais.com,Male,35.157.6.7
759,Jillie,Wildin,jwildinl2@csmonitor.com,Female,98.15.150.29
760,Barthel,Beau,bbeaul3@sina.com.cn,Male,212.242.104.208
761,Eula,Sybbe,esybbel4@wired.com,Female,29.179.242.255
762,Roderich,Ambresin,rambresinl5@google.co.uk,Male,248.138.130.112
763,Leo,Rivenzon,lrivenzonl6@hibu.com,Male,142.14.128.217
764,Freida,Beddon,fbeddonl7@foxnews.com,Genderqueer,24.221.19.199
765,Grayce,Paffett,gpaffettl8@businessweek.com,Female,236.194.232.154
766,Farley,Heugh,fheughl9@wikia.com,Male,59.179.178.36
767,Minna,Drinnan,mdrinnanla@cyberchimps.com,Female,1.167.35.70
768,Letti,Oakden,loakdenlb@cam.ac.uk,Female,53.88.154.41
769,Corabelle,Glassard,cglassardlc@noaa.gov,Female,3.172.79.173
770,Kelly,Klasen,kklasenld@telegraph.co.uk,Female,19.127.195.20
771,Stan,Duck,sduckle@eventbrite.com,Male,238.41.169.78
772,Ginevra,Shorton,gshortonlf@mit.edu,Female,205.115.30.159
773,Cyndie,Wilkinson,cwilkinsonlg@ebay.co.uk,Female,110.221.22.99
774,Valaria,Simonard,vsimonardlh@home.pl,Female,154.115.96.34
775,Garvin,Duxbarry,gduxbarryli@fc2.com,Male,91.165.151.192
776,Fletch,Ahrens,fahrenslj@mozilla.org,Male,109.149.99.219
777,Bryant,Viste,bvistelk@wunderground.com,Male,250.237.252.232
778,Idaline,Colgrave,icolgravell@aol.com,Female,70.62.135.7
779,King,Dalwood,kdalwoodlm@java.com,Male,213.68.228.34
780,Lyle,Week,lweekln@youtube.com,Agender,7.243.59.148
781,Gerri,Scrivinor,gscrivinorlo@engadget.com,Male,88.139.87.153
782,Dierdre,Reveley,dreveleylp@imgur.com,Female,151.199.7.74
783,Galvin,Josskoviz,gjosskovizlq@vkontakte.ru,Male,79.49.18.232
784,Craggie,Redsull,credsulllr@studiopress.com,Agender,191.16.167.201
785,Brod,Budgey,bbudgeyls@admin.ch,Male,240.229.55.36
786,Jobey,Jex,jjexlt@cdc.gov,Female,82.90.247.215
787,Doris,Selbie,dselbielu@berkeley.edu,Female,174.100.94.103
788,Gonzales,Lanfer,glanferlv@auda.org.au,Male,124.138.250.73
789,Reggie,Blackey,rblackeylw@google.com.hk,Female,10.199.47.117
790,Sloane,Thoday,sthodaylx@ezinearticles.com,Male,30.72.138.141
791,Mahala,Sherry,msherryly@phoca.cz,Female,18.74.196.90
792,Yelena,MacIntosh,ymacintoshlz@webnode.com,Female,77.36.47.153
793,Mamie,Perrett,mperrettm0@nsw.gov.au,Female,154.46.175.93
794,Munroe,Laetham,mlaethamm1@oaic.gov.au,Genderqueer,90.46.112.30
795,Pietro,Kerwick,pkerwickm2@altervista.org,Male,164.198.8.135
796,Angie,Parnby,aparnbym3@issuu.com,Male,113.195.231.139
797,Angy,Hassall,ahassallm4@ning.com,Female,66.169.215.160
798,Silvano,Jennaway,sjennawaym5@skyrock.com,Male,4.82.132.81
799,Gelya,Kleuer,gkleuerm6@oaic.gov.au,Female,209.180.83.34
800,Sonnnie,Scroggie,sscroggiem7@domainmarket.com,Female,149.169.87.213
801,Damaris,Petyt,dpetytm8@phoca.cz,Bigender,9.236.219.63
802,Eveleen,Cahani,ecahanim9@amazonaws.com,Female,215.104.60.54
803,Tedman,O'Currane,tocurranema@csmonitor.com,Male,95.124.120.54
804,Jesse,Mackleden,jmackledenmb@meetup.com,Male,201.125.34.221
805,Nickolaus,Jansson,njanssonmc@theatlantic.com,Male,102.214.18.4
806,Rozina,Batsford,rbatsfordmd@wordpress.org,Female,20.167.179.11
807,Ellyn,Shill,eshillme@salon.com,Female,114.105.163.196
808,Danni,Rodway,drodwaymf@1und1.de,Bigender,207.186.46.135
809,Ancell,Quibell,aquibellmg@yolasite.com,Genderfluid,246.251.219.72
810,Renate,McCarty,rmccartymh@sakura.ne.jp,Female,165.146.10.67
811,Sampson,Scamwell,sscamwellmi@canalblog.com,Male,83.124.13.45
812,Shel,Shorie,sshoriemj@chicagotribune.com,Female,128.66.146.21
813,Juanita,Abramski,jabramskimk@taobao.com,Female,152.139.28.213
814,Devin,Wasselin,dwasselinml@amazon.co.uk,Female,218.23.228.214
815,Arline,Miners,aminersmm@networksolutions.com,Female,1.37.67.217
816,Kirstyn,Cutsforth,kcutsforthmn@trellian.com,Female,171.225.125.143
817,Gregoire,Haile,ghailemo@java.com,Polygender,52.163.160.249
818,Ogdan,Triggs,otriggsmp@dyndns.org,Male,84.223.35.174
819,Felice,Gauthorpp,fgauthorppmq@mayoclinic.com,Male,192.110.140.56
820,Hamel,Mouatt,hmouattmr@comsenz.com,Male,31.252.198.218
821,Raina,Tevlin,rtevlinms@vk.com,Female,189.101.120.78
822,Mickey,Dowd,mdowdmt@home.pl,Male,145.188.179.232
823,Ario,Baldelli,abaldellimu@netvibes.com,Male,129.215.189.137
824,Katharyn,Standell,kstandellmv@sbwire.com,Female,165.18.175.139
825,Alma,Kennelly,akennellymw@webmd.com,Female,117.247.95.229
826,Nelson,Dyett,ndyettmx@xinhuanet.com,Male,116.3.248.2
827,Lacie,Blackesland,lblackeslandmy@ebay.com,Female,176.16.224.3
828,Lavinie,Wharin,lwharinmz@naver.com,Female,202.119.135.112
829,Tome,Stathers,tstathersn0@netscape.com,Male,175.5.57.133
830,Belita,Goudge,bgoudgen1@jiathis.com,Female,102.208.159.106
831,Josephina,Casement,jcasementn2@pen.io,Female,62.90.12.38
832,Isaak,Menichi,imenichin3@hc360.com,Male,151.238.237.189
833,Gherardo,Jobson,gjobsonn4@webeden.co.uk,Male,152.245.47.143
834,Kenon,Andrassy,kandrassyn5@mysql.com,Genderqueer,207.193.170.195
835,Mariana,Glastonbury,mglastonburyn6@about.me,Polygender,98.211.7.239
836,Joye,Carslaw,jcarslawn7@nymag.com,Female,32.12.104.126
837,Rand,Crust,rcrustn8@utexas.edu,Genderfluid,228.125.136.187
838,Isidore,Ciccetti,iciccettin9@youku.com,Male,34.9.42.204
839,Herc,Lippett,hlippettna@marriott.com,Bigender,240.151.12.15
840,Lyndel,Hutchings,lhutchingsnb@wix.com,Female,21.78.13.96
841,John,Hearty,jheartync@csmonitor.com,Male,225.81.12.113
842,Leicester,Harefoot,lharefootnd@tripadvisor.com,Male,157.75.146.241
843,Theobald,Inglesfield,tinglesfieldne@opera.com,Male,139.73.109.253
844,Darby,Beecroft,dbeecroftnf@mozilla.com,Male,64.102.202.139
845,Peder,Dinwoodie,pdinwoodieng@weather.com,Male,185.7.228.212
846,Issiah,Laird-Craig,ilairdcraignh@huffingtonpost.com,Male,175.153.172.173
847,Barn,Frisch,bfrischni@google.cn,Male,18.16.141.233
848,Locke,Ewbach,lewbachnj@deviantart.com,Male,136.2.112.90
849,Hersch,Kibbe,hkibbenk@elpais.com,Male,158.79.164.113
850,Estella,Parnall,eparnallnl@smugmug.com,Female,151.119.114.165
851,Laina,Batrim,lbatrimnm@tamu.edu,Polygender,121.163.167.159
852,Ofelia,Huison,ohuisonnn@cpanel.net,Female,13.90.95.172
853,Robenia,Lovie,rlovieno@pcworld.com,Female,106.70.96.190
854,Kristen,Carlaw,kcarlawnp@thetimes.co.uk,Female,217.105.5.183
855,Felipa,Gheorghe,fgheorghenq@uol.com.br,Female,47.78.123.45
856,Zacherie,Rumsey,zrumseynr@angelfire.com,Male,170.227.182.129
857,Christye,Chaplain,cchaplainns@cyberchimps.com,Female,224.171.121.147
858,Percival,Aggis,paggisnt@sogou.com,Male,169.207.12.241
859,Steffi,Ganders,sgandersnu@google.it,Female,65.176.172.44
860,Marco,Laugheran,mlaugherannv@mlb.com,Male,26.194.26.162
861,Izak,Dudny,idudnynw@miibeian.gov.cn,Male,8.57.168.90
862,Merrel,Long,mlongnx@so-net.ne.jp,Male,171.243.153.92
863,Oberon,Gillbard,ogillbardny@netlog.com,Male,181.242.199.15
864,Joelie,Truwert,jtruwertnz@fastcompany.com,Female,142.15.174.201
865,Anton,Haburne,ahaburneo0@ovh.net,Male,141.184.15.48
866,Gonzalo,Corradi,gcorradio1@free.fr,Male,84.20.194.205
867,Lotty,Di Iorio,ldiiorioo2@privacy.gov.au,Female,123.153.122.213
868,Neely,Durbin,ndurbino3@cmu.edu,Female,172.172.32.157
869,Albie,Faucett,afaucetto4@blogspot.com,Male,152.41.170.254
870,Dixie,Vowels,dvowelso5@nymag.com,Female,201.30.87.71
871,Rowe,Moules,rmouleso6@statcounter.com,Female,127.251.209.202
872,Sallie,Klaesson,sklaessono7@gmpg.org,Female,23.7.110.36
873,Gael,Gallanders,ggallanderso8@dyndns.org,Female,14.237.254.217
874,Concordia,Manford,cmanfordo9@gov.uk,Female,215.75.232.42
875,Brendin,Meates,bmeatesoa@bigcartel.com,Male,254.195.104.35
876,Garold,Asprey,gaspreyob@51.la,Male,106.29.197.27
877,Francklin,Ludlam,fludlamoc@cbc.ca,Male,101.204.248.129
878,Alexis,Hamberstone,ahamberstoneod@toplist.cz,Female,31.149.183.144
879,Easter,Blaiklock,eblaiklockoe@ow.ly,Female,248.45.22.150
880,Eirena,Blight,eblightof@vk.com,Female,123.166.98.151
881,Marigold,Daysh,mdayshog@slashdot.org,Female,255.212.88.5
882,Dulce,Heathwood,dheathwoodoh@meetup.com,Female,121.234.45.125
883,Allin,Fahy,afahyoi@dagondesign.com,Male,45.87.81.13
884,Perri,Treasure,ptreasureoj@harvard.edu,Non-binary,53.223.12.182
885,Germaine,Poltone,gpoltoneok@va.gov,Female,160.167.137.46
886,Megan,Coop,mcoopol@shareasale.com,Female,226.47.121.245
887,Keeley,Sowray,ksowrayom@wordpress.org,Female,102.145.215.172
888,Halie,Corbishley,hcorbishleyon@technorati.com,Female,31.142.16.89
889,Eldredge,Burnitt,eburnittoo@mac.com,Male,92.40.41.232
890,Britt,Stothard,bstothardop@weibo.com,Male,88.154.25.119
891,Kin,Biglin,kbiglinoq@github.com,Male,126.171.229.25
892,Parnell,Pritchett,ppritchettor@nytimes.com,Bigender,69.194.211.231
893,Nicolas,Mungin,nmunginos@soundcloud.com,Male,52.222.138.253
894,Martin,Yeoman,myeomanot@wordpress.com,Male,241.78.80.208
895,Wini,Mayhew,wmayhewou@cbc.ca,Female,65.222.109.150
896,Edyth,Defew,edefewov@1688.com,Female,112.21.60.45
897,Cherilyn,Tollemache,ctollemacheow@google.com.br,Polygender,97.75.202.3
898,Connie,Balmadier,cbalmadierox@latimes.com,Male,54.111.201.156
899,Hillie,Brabon,hbrabonoy@sun.com,Male,143.94.210.204
900,Felizio,Bosward,fboswardoz@springer.com,Male,224.110.220.53
901,Gail,Quinlan,gquinlanp0@yolasite.com,Female,241.105.4.148
902,Elsy,Kennford,ekennfordp1@drupal.org,Female,93.186.186.45
903,Nikolai,Smorthwaite,nsmorthwaitep2@unc.edu,Male,67.245.43.154
904,Golda,Radden,graddenp3@icq.com,Female,93.251.37.83
905,Bartel,Purkess,bpurkessp4@so-net.ne.jp,Male,0.194.100.35
906,Hamish,Shovell,hshovellp5@goo.ne.jp,Male,77.102.122.42
907,Emiline,Clohissy,eclohissyp6@cnet.com,Female,210.25.140.16
908,Fritz,Heintzsch,fheintzschp7@edublogs.org,Male,219.32.125.109
909,Shaina,Dubbin,sdubbinp8@tamu.edu,Female,156.204.12.40
910,Oliver,Schiersch,oschierschp9@flavors.me,Genderqueer,9.239.34.190
911,Nikolas,Stanfield,nstanfieldpa@bigcartel.com,Bigender,133.52.50.223
912,Meaghan,Firminger,mfirmingerpb@goo.ne.jp,Non-binary,39.239.161.171
913,Anne-marie,Daintrey,adaintreypc@com.com,Female,105.234.178.72
914,Cassius,Kinsett,ckinsettpd@apache.org,Male,65.135.140.34
915,Davis,Kordt,dkordtpe@shareasale.com,Male,132.25.121.31
916,Marcelo,Chardin,mchardinpf@walmart.com,Male,147.142.215.92
917,Vernen,Grigoroni,vgrigoronipg@dagondesign.com,Male,130.239.89.90
918,Legra,Bowers,lbowersph@addtoany.com,Female,201.52.218.244
919,Eugine,Pyper,epyperpi@seesaa.net,Genderfluid,92.133.172.46
920,Johannes,Hackey,jhackeypj@weebly.com,Male,35.137.140.118
921,Marcos,Richardet,mrichardetpk@list-manage.com,Male,27.193.170.206
922,Timi,Cutten,tcuttenpl@trellian.com,Female,190.110.149.234
923,Lula,Guyton,lguytonpm@delicious.com,Female,88.57.143.55
924,Amandy,Paoletto,apaolettopn@sciencedirect.com,Female,153.99.206.247
925,Glendon,Henkmann,ghenkmannpo@hugedomains.com,Male,163.247.152.167
926,Lisha,Edlestone,ledlestonepp@odnoklassniki.ru,Female,18.102.230.190
927,Devin,De Bernardis,ddebernardispq@flickr.com,Female,66.3.160.102
928,Sherilyn,Tookill,stookillpr@epa.gov,Female,196.97.250.13
929,Sollie,MacBrearty,smacbreartyps@paypal.com,Male,36.200.152.86
930,Shauna,Leneve,slenevept@biglobe.ne.jp,Female,233.174.247.216
931,Micheil,Escoffier,mescoffierpu@altervista.org,Male,132.143.88.24
932,Cheri,Crosetto,ccrosettopv@abc.net.au,Female,173.30.115.179
933,Herby,Peter,hpeterpw@illinois.edu,Male,65.86.20.208
934,Teddy,Bowling,tbowlingpx@cam.ac.uk,Male,24.125.47.97
935,Abram,Barbrick,abarbrickpy@chronoengine.com,Male,195.196.140.221
936,Camala,Itzkin,citzkinpz@gravatar.com,Female,65.111.132.171
937,Tiphanie,Whitehall,twhitehallq0@census.gov,Female,251.172.237.143
938,Svend,Boylan,sboylanq1@amazon.co.uk,Male,34.93.35.23
939,Derron,Vinnicombe,dvinnicombeq2@barnesandnoble.com,Male,162.89.227.233
940,Ewen,Rickards,erickardsq3@newsvine.com,Male,238.81.92.67
941,Nancey,Stainer,nstainerq4@vimeo.com,Female,107.146.75.105
942,Adorne,Putland,aputlandq5@irs.gov,Female,159.92.105.138
943,Orin,Ferencz,oferenczq6@techcrunch.com,Male,24.122.100.180
944,Bentley,Sawtell,bsawtellq7@instagram.com,Male,17.148.32.184
945,Karlotta,Kalkhoven,kkalkhovenq8@mayoclinic.com,Bigender,229.250.246.173
946,Renaud,Artin,rartinq9@redcross.org,Male,139.129.43.180
947,Durand,Wellman,dwellmanqa@spotify.com,Male,4.157.128.222
948,Kenneth,McElane,kmcelaneqb@whitehouse.gov,Male,19.202.119.169
949,Basil,Allbut,ballbutqc@ted.com,Male,222.168.164.162
950,Gallagher,Brambill,gbrambillqd@dell.com,Male,204.12.227.146
951,Nicko,Boagey,nboageyqe@jimdo.com,Male,115.173.146.254
952,Denney,Gerant,dgerantqf@jugem.jp,Male,128.67.113.166
953,Joanie,Gorelli,jgorelliqg@prlog.org,Female,37.137.221.245
954,Elizabet,Macrae,emacraeqh@mapy.cz,Female,84.246.168.103
955,Charlena,Boas,cboasqi@qq.com,Female,156.15.7.53
956,Janessa,Ashbee,jashbeeqj@list-manage.com,Female,212.254.50.216
957,Tiff,Sidden,tsiddenqk@nps.gov,Female,178.242.209.236
958,Delcina,Smallsman,dsmallsmanql@tuttocitta.it,Female,99.15.14.20
959,Kelvin,Gillice,kgilliceqm@example.com,Male,207.112.160.25
960,Jillian,Siene,jsieneqn@si.edu,Female,188.34.11.26
961,Fabiano,Rea,freaqo@free.fr,Male,78.71.235.39
962,Aubrie,Areles,aarelesqp@google.pl,Female,7.213.82.176
963,Florenza,Heisham,fheishamqq@state.tx.us,Female,241.183.70.55
964,Ludovico,Corah,lcorahqr@desdev.cn,Male,156.105.66.243
965,Morganne,Raspison,mraspisonqs@engadget.com,Genderqueer,167.122.67.177
966,Sabra,Edinboro,sedinboroqt@skyrock.com,Female,73.171.21.48
967,Kaia,Canon,kcanonqu@gizmodo.com,Female,35.5.104.54
968,Elissa,Raylton,erayltonqv@bbb.org,Female,202.40.83.83
969,Teena,Dugan,tduganqw@time.com,Female,211.184.28.182
970,Brand,Berthel,bberthelqx@wix.com,Male,15.205.237.167
971,Koral,Kynnd,kkynndqy@ed.gov,Female,232.105.12.114
972,Allie,Marielle,amarielleqz@shop-pro.jp,Female,48.11.67.25
973,Cindee,Burgett,cburgettr0@usnews.com,Female,103.34.223.217
974,Leticia,Farmiloe,lfarmiloer1@google.ru,Female,172.211.68.226
975,Valery,Noddles,vnoddlesr2@netvibes.com,Female,255.66.18.49
976,Chad,Guillond,cguillondr3@clickbank.net,Male,247.229.11.19
977,Harwell,McPaike,hmcpaiker4@reverbnation.com,Male,177.12.177.168
978,Hadlee,Whistance,hwhistancer5@soup.io,Male,135.189.110.30
979,Carroll,Sterman,cstermanr6@twitpic.com,Female,244.172.150.168
980,Catherin,Phalp,cphalpr7@comcast.net,Bigender,216.182.85.39
981,Babbie,Bentote,bbentoter8@netvibes.com,Bigender,124.165.194.111
982,Shanie,Bims,sbimsr9@phoca.cz,Female,235.78.110.226
983,Parnell,Singleton,psingletonra@latimes.com,Male,45.93.187.240
984,Scarlet,Siward,ssiwardrb@imdb.com,Female,150.157.138.94
985,Cheri,Souter,csouterrc@4shared.com,Female,173.70.143.28
986,Marshal,Scrauniage,mscrauniagerd@cyberchimps.com,Bigender,137.228.16.52
987,Cora,Rings,cringsre@state.gov,Female,105.112.155.216
988,Keary,McConville,kmcconvillerf@ucsd.edu,Male,116.230.98.77
989,Frederique,Norman,fnormanrg@bloglines.com,Female,7.92.113.189
990,Butch,Matthaus,bmatthausrh@dmoz.org,Male,142.113.254.69
991,Etti,Laurenty,elaurentyri@tamu.edu,Female,161.49.142.45
992,Jasen,Tuckerman,jtuckermanrj@elpais.com,Male,89.64.237.13
993,Wendy,Sedgeworth,wsedgeworthrk@weebly.com,Female,66.126.41.76
994,Eileen,Killingback,ekillingbackrl@discuz.net,Female,105.63.108.7
995,Clayson,Hardiman,chardimanrm@cafepress.com,Male,227.247.208.64
996,Chaddy,Gentil,cgentilrn@yale.edu,Male,182.185.250.20
997,Marilyn,Dymock,mdymockro@indiegogo.com,Female,167.159.157.74
998,Willabella,Labusch,wlabuschrp@java.com,Female,233.197.58.157
999,Massimo,Iannuzzelli,miannuzzellirq@earthlink.net,Male,0.185.224.14
1000,Llewellyn,Henworth,lhenworthrr@wufoo.com,Male,174.15.57.40
